{
    "trackingEnable": true,
    "foregroundLocationServiceEnable": false,
    "modeHighFrequencyLocation": false,

    "visitEnable": false,
    "classificationEnable": false,
    "creationOfZOIEnable": false,


    "currentLocationTimeFilter": 0,
    "currentLocationDistanceFilter": 0,
    "accuracyFilter": 100,
    
    "searchAPI": {
        "searchAPIEnable": true,
        "searchAPICreationRegionEnable": true,
        "searchAPITimeFilter": 20,
        "searchAPIDistanceFilter": 100,
        "searchAPIRefreshDelayDay": 1
    },

    "distanceAPIEnable": false,
    
    "distance": {
        "distanceProvider": "woosmapTraffic",
        "distanceMode": "driving",
        "distanceRouting": "fastest",
        "distanceUnits": "metric",
        "distanceLanguage": "fr",
        "distanceMaxAirDistanceFilter": 1000000,
        "distanceTimeFilter": 30
    },
    
    "outOfTimeDelay": 300,
    "dataDurationDelay": 30
}
